{
  "project" : {
    "id" : "moj_code_dlya_smarta-2617337-SHj",
    "name" : "moj_code_dlya_smarta-2617337-SHj",
    "folder" : "/jaicp"
  },
  "settings" : {
    "language" : "ru",
    "spellingCorrection" : false,
    "classificationAlgorithm" : "sts",
    "timezone" : "Europe/Moscow",
    "extendedSettings" : {
      "tokenizerEngine" : "default"
    },
    "businessShared" : false,
    "business" : false
  },
  "intents" : [ ],
  "entities" : [ ],
  "enabledSystemEntities" : [ "duckling.number", "duckling.time", "duckling.duration", "duckling.phone-number", "duckling.email", "duckling.url" ]
}